–¼‘O,ƒAƒhƒŒƒX
˜ZŠp ˆê‹P,rokkaku_kazuki@example.com
•—ŠÔ ”ü”¿,kazama_miho@example.com
’†‰ª lu,nakaoka_hitoshi@example.com
“‡“c ‰ë•F,shimada_masahiko@example.com
]“¡ «–ç,etou_masaya@example.com
é“c “O•½,shirota_teppei@example.com
‰Æ ä»‰›,ujiie_rio@example.com
¼–ì •Ä‘ ,nishino_yonezou@example.com
’†Œ´ —Ú—ˆŸ,nakahara_ruria@example.com
ˆäè ˆê‘ã,ide_kazuyo@example.com
‚Æ‚æ‚½ ŒO,toyota_kaoru@example.com
‚Œ´ ˆç“ñ,takahara_ikuji@example.com
ˆäo Ê,ide_aya@example.com
”–Ø Š°¡,kashiwagi_kanji@example.com
L£ ‰ë•F,hirose_masahiko@example.com
Vˆä ‚Ğ‚©‚è,arai_hikari@example.com
‘“c ˆêÆ,masuda_kazuya@example.com
‚“c Œiq,takada_keiko@example.com
‘]ª Œõ”,sone_mitsuhiro@example.com
‘Š• ‘“•á,aibu_sousuke@example.com
’O‰H ÷—¢,tannba_juri@example.com
‘ê —¹,taki_ryou@example.com
‰““¡ ‚İ‚ä‚«,enndou_miyuki@example.com
›“‡ Œbq,terajima_keiko@example.com
Rª —³–ç,yamane_tatsuya@example.com
›“c Ñ‹G,terada_saki@example.com
“à‘º ”ü‰Ã,uchimura_mika@example.com
‰i–ì ‚Ğ‚Æ‚İ,nagano_hitomi@example.com
Lì Œiq,hirokawa_keiko@example.com
Œã“¡ “ŞX,gotou_nana@example.com
’†’Ë ^ˆê,nakaduka_shinichi@example.com
‰ºì ‚Í‚é‚©,shimokawa_haruka@example.com
’·è –¾G,nagasaki_akihiro@example.com
­è‘Ü _³,shikatebukuro_hiromasa@example.com
”~‘ò Œõ—Ç,umezawa_teruyoshi@example.com
¼‰º ä»,matsushita_rio@example.com
¼R m»,matsuyama_hiroaki@example.com
‘åò Ÿ‹v,ooizumi_katsuhisa@example.com
’r’J ˆ»,iketani_aya@example.com
•½ì äj,hirakawa_takeshi@example.com
”öè —m,ozaki_you@example.com
¼‰i ŒO,matsunaga_kaoru@example.com
•½—Ñ ä»,hirabayashi_rio@example.com
d¼ ¬Šå,shigematsu_kogan@example.com
¬—Ñ Œb–]q,kobayashi_emiko@example.com
´–ì ŒO,kiyono_kaoru@example.com
–xˆä ‘,horii_satoshi@example.com
•ŸR ƒmƒuƒqƒR,fukuyama_nobuhiko@example.com
¬£ Œb—œ,naruse_erika@example.com
“à–ì ‘,uchino_satoshi@example.com
‘å’J ’·—˜,ootani_nagatoshi@example.com
ŠFì ‚Ğ‚Æ‚è,minakawa_hitori@example.com
ˆê–Ø ãÄ,ichiki_shou@example.com
ì’[ ˆèŒb,kawabata_ikue@example.com
™–{ “O•½,sugimoto_teppei@example.com
Šâ‘º “N•½,iwamura_teppei@example.com
–Ñ—˜ “Ö,mouri_atsushi@example.com
–q“c ä»¹,makita_risa@example.com
‘q“c ˆÇ,kurata_ann@example.com
”Ñ“‡ —y,iijima_haruka@example.com
‘å•½ ‚½‚©‚¨,oohira_takao@example.com
“‚‘ò —R‰F,karasawa_yuu@example.com
Î‘ò ‚¿‚¦‚İ,ishizawa_chiemi@example.com
’†ì “ŞX,nakagawa_nana@example.com
•l“c Œ«“ñ,hamada_kenji@example.com
VŠ_ Ø“E,aragaki_natsumi@example.com
•Ÿ’n –¢˜Ò,fukuchi_mirai@example.com
–î“‡ —FˆÈ”T,yajima_yuino@example.com
‘ºˆä ‚ ‚³‚İ,murai_asami@example.com
‰““¡ ¹’mŠG,enndou_sachie@example.com
ƒ†[ƒXƒP Œõ—Ç,yusuke_teruyoshi@example.com
–î“c ‚Ü‚È‚İ,yada_manami@example.com
Â“c _³,shinoda_hiromasa@example.com
Ô‰H —çq,akabane_reiko@example.com
ì–{ –¢˜Ò,kawamoto_mirai@example.com
[’J Šî—S,fukaya_kisuke@example.com
R‰ª –L,yamaoka_yutaka@example.com
¬–Ø —m‰î,ogi_yousuke@example.com
’·—F —zq,nagatomo_youko@example.com
]Œ´ ˜a,ehara_waka@example.com
‘½•” Œš,tabe_ken@example.com
’·“c ‘å÷,nagata_hiroki@example.com
‘å’J ˆêÆ,ootani_kazuya@example.com
‰z’q ”ü’qq,ochi_michiko@example.com
–ì–{ ‘,nomoto_satoshi@example.com
‰œ–ì t÷,okuno_haruki@example.com
•ŸŒ´ ^Œá,fukuhara_shingo@example.com
’†”ö —y,nakao_haruka@example.com
X–{ —³–ç,morimoto_tatsuya@example.com
‰Á£ ƒWƒ‡[ƒW,kase_george@example.com
‘Šì Œb—œ,aikawa_erika@example.com
‰i“c •q–ç,nagata_toshiya@example.com
¼–Ø —q,matsuki_riko@example.com
ì’[ ƒPƒ“ƒCƒ`,kawabata_kenichi@example.com
•½ì ‚È‚¬‚³,hirakawa_nagisa@example.com
A¼ W–ç,uematsu_shinya@example.com
ŠÖ’J ‚Ğ‚ëq,sekiya_hiroko@example.com
Šâ’J ^”¿,iwatani_maho@example.com
“‚‘ò ‚¦‚İ,karasawa_emi@example.com
[“c ˆ»,fukada_aya@example.com
` ‚ ‚âq,hata_ayako@example.com
XR ŒöŒ°,moriyama_kimiaki@example.com
R“c –@q,yamada_noriko@example.com
‹Ê–Ø ¹—z,tamaki_masaaki@example.com
ìˆä ‚µ‚Ú‚è,kawai_shibori@example.com
‹àX ‚µ‚Ú‚è,kanamori_shibori@example.com
¬—Ñ —Sˆê,kobayashi_yuuichi@example.com
ŒE“c –Î÷,kubota_shigeki@example.com
‰œ“c ”üK,okuda_miyuki@example.com
óŒ© ‚³‚â‚©,asami_sayaka@example.com
ˆÉ“¡ G÷,itou_hideki@example.com
´–ì Œõb,kiyono_mitsuomi@example.com
‘ˆä Œ“,masui_ken@example.com
‰i“c m»,nagata_hiroaki@example.com
‘¾“c Š®¢,oota_kanji@example.com
ÂŒ´ G,shinohara_hiroshi@example.com
’O‰H “ŞŒ,tannba_natsuki@example.com
R‘º °b,yamamura_haruomi@example.com
Äè _‘¾˜Y,shibazaki_koutarou@example.com
ˆ¢‹v’Ã ’©,akutsu_asaka@example.com
ŒÃì ‚µ‚Ú‚è,furukawa_shibori@example.com
•½ –¾“ú,taira_meibi@example.com
‹Tˆä ‚Ğ‚©‚è,kamei_hikari@example.com
“¡ˆä ¹–ë,fujii_saya@example.com
–ì“‡ ‚È‚Â‚İ,nojima_natsumi@example.com
u‰ê ‰Øq,shiga_hanako@example.com
•½‰ê ”¹m,hiraga_shunji@example.com
¼“c u,matsuda_shun@example.com
•Ÿm ‘ñ˜Y,fukushi_takurou@example.com
ÎŠÛ ”ü‰Ã,ishimaru_mika@example.com
’|“à –‘¾˜Y,takeuchi_mantarou@example.com
•½“c ƒqƒJƒ‹,hirata_hikaru@example.com
Œ´“c Œš,harada_ken@example.com
‘–ì Œõ—m,kusano_mitsuhiro@example.com
’|“à Kq,takeuchi_sachiko@example.com
¼“‡ —²”V‰î,matsushima_ryuunosuke@example.com
Äç ãÄ‘¾,shibasaki_shouta@example.com
ì£ Š°¡,kawase_kanji@example.com
”nê “Õ,baba_jun@example.com
•Šâ ’©,kuroiwa_asaka@example.com
”ä‰Ã _‰î,hiyoshi_kousuke@example.com
¡ˆä ‰E‹,imai_ukyou@example.com
™“c ^—Iq,sugita_mayuko@example.com
ó–ì ½¡,asano_seiji@example.com
‰–Œ© ‚³‚â‚©,shiomi_sayaka@example.com
^“ç •¶¢,manabe_fumiyo@example.com
‰©ì“c ½¡,kikawada_seiji@example.com
‚‘q L”V,takakura_hiroyuki@example.com
Î’Ë —“Şq,ishiduka_rinako@example.com
OŒ´ ¹’mŠG,mihara_sachie@example.com
“c’† —Eˆê,tanaka_yuuichi@example.com
¬¼ ‹±q,konishi_kyouko@example.com
Š‹¼ ‰ë”V,kasai_masayuki@example.com
‹e“c ‚Ü‚Ğ‚é,kikuta_mahiru@example.com
–Ú• ä»‰›,meguro_rio@example.com
ˆÀ•” ¬Šå,abe_kogan@example.com
¬”¨ ‚Ü‚İ,obata_mami@example.com
áR ‚Ü‚İ,wakayama_mami@example.com
Šâˆä ‰ÄŠó,iwai_natsuki@example.com
ˆäã Œb—œ,inoue_erika@example.com
•½ lu,taira_hitoshi@example.com
”–Ø ˜a‹v,kashiwagi_kazuhisa@example.com
Š}ˆä Œb—œ,kasai_erika@example.com
‘å˜H “O,ooji_tooru@example.com
Â–ì —Ïq,aono_noriko@example.com
‰¡ì ‚ ‚âq,yokokawa_ayako@example.com
Rã —çq,yamagami_reiko@example.com
’Ò ‘,tsuji_satoshi@example.com
â–{ “ì•ü,sakamoto_nao@example.com
‘å“à Œ\,oouchi_kei@example.com
‹g‘ò »‰H,yoshizawa_sawa@example.com
–î“‡ ‚Ü‚³‚İ,yajima_masami@example.com
‚’J —SŠî,takaya_yuuki@example.com
u“c »‰H,shida_sawa@example.com
‚÷ Æ¶,takagi_teruo@example.com
“ü] Ÿ‹v,irie_katsuhisa@example.com
›àV –L,sugasawa_yutaka@example.com
•“c ƒTƒ_ƒ’,takeda_sadawo@example.com
ŠC–ì ˆ»,umino_aya@example.com
•½‰ê —¢“Ş,hiraga_rina@example.com
’ß“c Š°,tsuruta_hiroshi@example.com
ç—t “Õ,chiba_atsushi@example.com
‘ê“c ˆç“ñ,takita_ikuji@example.com
’†‰€ ŒO,nakazono_kaoru@example.com
R“c —TŸ˜Y,yamada_yuujirou@example.com
’†“‡ O–ç,nakashima_hironari@example.com
HŒ³ —Á,akimoto_ryou@example.com
–¾Î‰Æ –¾“ú,akashiya_meibi@example.com
¼Œ´ —¹,matsubara_ryou@example.com
O“c ˆèŒb,mita_ikue@example.com
•Ğ‹Ë –F³,katagiri_yoshimasa@example.com
‰H“c “w,hada_tsutomu@example.com
›ˆä ³‹`,sugai_masayoshi@example.com
óÀ ¹—z,asanuma_masaaki@example.com
R’† i,yamanaka_susumu@example.com
Šİ•” —Ú—ˆŸ,kishibe_ruria@example.com
•½‰ª ‚Ğ‚ë‚İ,hiraoka_hiromi@example.com
“í–{ —Y‘¾,kusumoto_yuuta@example.com
­‰ê Šó,kaga_nozomi@example.com
‰ª–{ ƒ}ƒTƒJƒY,okamoto_masakazu@example.com
—Ñ ‘D,hayashi_saori@example.com
’|Œ´ –L,takehara_yutaka@example.com
ˆÀ‰i ³‹`,yasunaga_masayoshi@example.com
R’† Š®¢,yamanaka_kanji@example.com
‹{’n ’m¢,miyaji_chise@example.com
‘å’| —²”V‰î,ootake_ryuunosuke@example.com
“y‹ i,doi_susumu@example.com
Šâ£ ‚Ü‚Ğ‚é,iwase_mahiru@example.com
’Å–¼ —Ñ,shiina_risa@example.com
•Ÿ‰ª •Ä‘ ,fukuoka_yonezou@example.com
’†‰ª ’q‰Ô,nakaoka_tomoka@example.com
’ç —¢•ä,tsutsumi_riho@example.com
[ˆä ˆ¤Ø,fukai_aina@example.com
“y‹ r“ñ,doi_shunji@example.com
ˆé‘º ³‹`,isomura_masayoshi@example.com
”Ş•û ””V,kanata_hiroyuki@example.com
‘å’| –Î÷,ootake_shigeki@example.com
’O–ì «–ç,tannno_masaya@example.com
÷“c ‚Ğ‚Æ‚è,sakurada_hitori@example.com
–k“‡ ‚Í‚é‚İ,kitajima_harumi@example.com
’ç “O,tsutsumi_tooru@example.com
’†‰€ Œõ—Ç,nakazono_teruyoshi@example.com
Îì ‚«‚İ‚Ü‚ë,ishikawa_kimimaro@example.com
–…”ö ˜Z˜Y,seo_rokurou@example.com
ç‰® ³•q,moriya_masatoshi@example.com
‘º–Ø ˆê÷,muraki_kazuki@example.com
¼“‡ Œåu,matsushima_satoshi@example.com
“Ş—Ç ƒGƒŠƒJ,nara_erika@example.com
‰Ô“c “O,hanada_tohru@example.com
£”ö “Ö,seo_atsushi@example.com
‚‘q —E,takakura_yuu@example.com
_–ì ”üØ,kamino_mina@example.com
’r“c »‰H,ikeda_sawa@example.com
ˆ¢‹v’Ã ‚ß‚®‚İ,akutsu_megumi@example.com
•Ä“c u,yoneda_shun@example.com
¬“c ‚Í‚é‚İ,oda_harumi@example.com
‹àX —¹,kanamori_ryou@example.com
“yˆä –¾G,doi_akihiro@example.com
–î“c –@q,yada_noriko@example.com
‰H“c Œ\,hata_kei@example.com
‹g–{ ¹’mŠG,yoshimoto_sachie@example.com
é“c ¸™,shirota_seiji@example.com
ŠÖŒû ”üŒ,sekiguchi_miduki@example.com
¼àV ¹’mŠG,matsuzawa_sachie@example.com
X‰i ƒPƒ“ƒCƒ`,morinaga_kenichi@example.com
ÎR G,ishiyama_hiroshi@example.com
á—Ñ u,wakabayashi_shun@example.com
Î‘ò —E,ishizawa_yuu@example.com
‘å’n ”ü—D,oochi_myuu@example.com
“¡ì ‘,fujikawa_satoshi@example.com
H—t Œ÷•â,akiba_kousuke@example.com
‘º¼ ‚Ğ‚©‚è,muramatsu_hikari@example.com
×ì ˆÇ,hosokawa_ann@example.com
X–{ ä—Y,morimoto_takeo@example.com
ˆÀ“¡ ãÄq,ando_shouko@example.com
‰|–{ u,enomoto_shun@example.com
‚³‚¾ –¾G,sada_akihiro@example.com
—‡ Š®¢,ochiai_kanji@example.com
âŒû Ø“E,sakaguchi_natsumi@example.com
™–ì “S—m,sugino_tetsuhiro@example.com
ˆÉ“Œ ¬•S‡,itou_sayuri@example.com
Šâ“c ”–¾,iwata_hiroaki@example.com
d“c G÷,shigeta_hideki@example.com
Šâ‰º Œ’,iwashita_ken@example.com
‘Š‘ò u,aizawa_shun@example.com
‘å“c Œb–]q,oota_emiko@example.com
‰Ô‰ª ‘å÷,hanaoka_hiroki@example.com
’Ò–{ ‚Ğ‚ëq,tsujimoto_hiroko@example.com
ŒÜ\—’ •¶¢,igarashi_fumiyo@example.com
ŒF‘q —çq,kumakura_reiko@example.com
“c‘ò —í“Ş,tazawa_rena@example.com
ˆÀ Ê,yasu_aya@example.com
‘å˜H ’¼l,ooji_naoto@example.com
•ì —z‰î,kurokawa_yousuke@example.com
™“‡ ƒƒCƒT,kojima_meisa@example.com
Šâ“c ‰Ô,iwata_hana@example.com
¼ —y,nishi_haruka@example.com
’Jì N•¶,tanikawa_yasufumi@example.com
–ì’† ‹e¶,nonaka_kikuo@example.com
Šİ —zq,kishi_youko@example.com
’Ò Æ¶,tsuji_teruo@example.com
‰iˆä ‰Ä‹ó,nagai_sora@example.com
²‹vŠÔ Œ›ˆê,sakuma_kenichi@example.com
‘òK »‰H,sawajiri_sawa@example.com
¬”¦ ½¡,obata_seiji@example.com
“’ó ”ü²q,yuasa_misako@example.com
•l“c „Šî,hamada_yoshiki@example.com
Äç O˜Y,shibasaki_saburou@example.com
Î ’©,fukiishi_asaka@example.com
•iì ¬•S‡,shinagawa_sayuri@example.com
’–ŒÒ ‚“¶,inomata_shidou@example.com
‘“c ‚İ‚«,masuda_miki@example.com
H—t ‰Ô,akiba_hana@example.com
‹àR “ŞŒ,kanayama_natsuki@example.com
“à‘º —æ“ß,uchimura_rena@example.com
‘åè Œ›ˆê,oosaki_kenichi@example.com
ˆäì —L‹NÆ,igawa_yukiya@example.com
“c‘º ‚ß‚®‚İ,tamura_megumi@example.com
–{‘º ˜\˜Y,honnmura_rokurou@example.com
–ö‘ò ’¼l,yanagisawa_naoto@example.com
Šâè ‚ ‚«,iwasaki_aki@example.com
’·—F ‹e¶,nagatomo_kikuo@example.com
á™ u,wakasugi_shun@example.com
™‘º –L,sugimura_yutaka@example.com
•û —FˆÈ”T,ogata_yuino@example.com
•Ä‘ò m»,yonezawa_hiroaki@example.com
ˆÉ“¡ ‚Ü‚È‚İ,itou_manami@example.com
ã‘º Wi,uemura_kouji@example.com
Š‹R ƒWƒ[ƒ‰ƒ‚,katsurayama_girolamo@example.com
••” OÈ,hattori_sansei@example.com
u‰ê –@k,shiga_houshi@example.com
‰œ ’¼l,oku_naoto@example.com
”nê —F–ç,baba_tomoya@example.com
›ˆä –@k,terai_houshi@example.com
_–ì ˆÇ,kamino_ann@example.com
–ìŒ´ —Ú—ˆŸ,nohara_ruria@example.com
Î’Ë ^—Iq,ishiduka_mayuko@example.com
‰ÍŒ´ õX‰Ô,kawahara_suzuka@example.com
›“‡ ‘,terajima_satoshi@example.com
ì¼ —R”üq,kawanishi_yumiko@example.com
ˆä‘º ”ü—¢,imura_miri@example.com
‰Ô“c Œš,hanada_ken@example.com
OŒ´ ”ü‹I,mihara_miki@example.com
Îâ –¢˜Ò,ishizaka_mirai@example.com
‰œ–ì —³–ç,okuno_tatsuya@example.com
–kŒ´ ”üØ,kitahara_mina@example.com
‚¨‚©‚â‚Ü —D,okayama_yuu@example.com
’Ãì ¹—z,tsugawa_masaaki@example.com
Æˆä ^—Iq,terui_mayuko@example.com
”öã ”üØ,ogami_mina@example.com
’†Œ´ ƒWƒ[ƒ‰ƒ‚,nakahara_girolamo@example.com
“cŒû ‘åŒÜ˜Y,taguchi_daigorou@example.com
ÂŒ´ ¹‘ã,shinohara_masayo@example.com
‘å‰Y —º‰î,ooura_ryousuke@example.com
‹{“‡ Œš,miyajima_ken@example.com
‹Ê“c ŒO,tamada_kaoru@example.com
‰i“c ‚Ü‚İ,nagata_mami@example.com
O‰Y —E,miura_yuu@example.com
¼ì ‰Øq,nishikawa_hanako@example.com
‘OŒ´ «–ç,maehara_masaya@example.com
Ä“¡ ‚İ‚ä‚«,saitou_miyuki@example.com
•“c –L,takeda_yutaka@example.com
ß ”ü—¢,shaku_miri@example.com
‚è ‚Ü‚³‚µ,takasaki_masashi@example.com
ã“c W–ç,ueda_shinya@example.com
‹Ê–Ø ãÄ,tamaki_shou@example.com
“¡–ì ˜\˜Y,fujino_rokurou@example.com
‹v–ì ‚ß‚®‚İ,hisano_megumi@example.com
Î‹´ D,ishibashi_shiori@example.com
”öã ä»,ogami_rio@example.com
óŒ© ‚»‚ç,asami_sora@example.com
–Ñ—˜ ŒO,mouri_kaoru@example.com
_–ì “O,kamino_tohru@example.com
‘D‹´ —m,funabashi_you@example.com
“cè ‚³‚Æ‚İ,tazaki_satomi@example.com
‘å’ë ^Šó,ooniwa_maki@example.com
_’J äj,kamiya_takeshi@example.com
X–{ ‚Í‚é‚©,morimoto_haruka@example.com
ÄR Š°,shibayama_hiroshi@example.com
“c‘ò –¾“ú,tazawa_meibi@example.com
‘å‰Í“à Œc“ñ,ookouchi_keiji@example.com
‘åŒF Œõ”,ookuma_mitsuhiro@example.com
“y‹´ ‰Ô,tsuchihashi_hana@example.com
Â“c ç,shinoda_mamoru@example.com
¬“c ‚³‚ñ‚Ü,oda_sanma@example.com
–{R ‚Ğ‚Æ‚İ,honnyama_hitomi@example.com
’J —zq,tani_youko@example.com
ˆÀ —F,yasu_tomoka@example.com
ÎŒ´ ƒWƒ‡[ƒW,ishihara_george@example.com
‰œŠÑ ‚³‚â‚©,okunuki_sayaka@example.com
¡‘º ã,imamura_subaru@example.com
“n•Ó —E,watanabe_yuu@example.com
‹{–ì ‚Ü‚³‚İ,miyano_masami@example.com
ª–{ —Á,nemoto_ryou@example.com
•½ˆä _‘¾˜Y,hirai_koutarou@example.com
ˆä–{ Œ›j,imoto_norihito@example.com
Ô¼ ‚Ü‚Ğ‚é,akamatsu_mahiru@example.com
‰–’J “µ,shiotani_hitomi@example.com
–k‘º Œõ—Ç,kitamura_teruyoshi@example.com
‰Í‘º “q,kawamura_momoko@example.com
•Ä’J ã,yoneya_subaru@example.com
¼‘º õX‰Ô,nishimura_suzuka@example.com
›–ì ‘å÷,kanno_hiroki@example.com
RŒû –,yamaguchi_mitsuru@example.com
‹v•Ä Œb—œ,kume_erika@example.com
¼’J ”üŠó,matsutani_miki@example.com
‰¡R ‹q,yokoyama_kyouko@example.com
˜ZŠp ƒGƒŠƒJ,rokkaku_erika@example.com
‰œ‘º ‘ñ˜Y,okumura_takurou@example.com
–¾Î‰Æ —²”,akashiya_takahiro@example.com
’‡‘º —LŠC,nakamura_ami@example.com
Âè _‘¾˜Y,shinozaki_koutarou@example.com
”ò“c ‚½‚©‚¨,hida_takao@example.com
—Ñ“c —Eˆê,hayashida_yuuichi@example.com
“¡‘º —çq,fujimura_reiko@example.com
’·”ö ^Œá,nagao_shingo@example.com
{“¡ —º,sudou_ryou@example.com
•Ÿ–{ ˜a,fukumoto_waka@example.com
•½“c Œ‹ˆß,hirata_yui@example.com
¬s µ¢,koichi_nanase@example.com
‰Pˆä ”üŒ,usui_miduki@example.com
ì‘º ƒqƒ,kawamura_hiro@example.com
ŒFˆä •}÷,kumai_motoki@example.com
‘å“c ^ˆê,oota_shinichi@example.com
u‘º —Eˆê,shimura_yuuichi@example.com
“¡‘ò –¾,fujisawa_akira@example.com
{“c ~,suda_atsushi@example.com
…Œû ˆêŒb,mizuguchi_kadue@example.com
´“c Ÿ‹v,kiyota_katsuhisa@example.com
›˜e –L,terawaki_yutaka@example.com
ŠOR ˆ»—,sotoyama_ayame@example.com
‚‘ò ˜Z˜Y,takasawa_rokurou@example.com
£ì ‚İ‚«,segawa_miki@example.com
âã –F³,sakagami_yoshimasa@example.com
‰Í“à Œb—œ,kawauchi_erika@example.com
‰«“c ‘D,okita_saori@example.com
H“¡ —˜•v,kudou_toshio@example.com
”¨’† ‘ñ˜Y,hatanaka_takurou@example.com
ˆî“c F‘¾˜Y,inada_koutarou@example.com
‚–ö Œ[‰î,takayanagi_keisuke@example.com
‹{“‡ lu,miyajima_hitoshi@example.com
’·—F ƒqƒ,nagatomo_hiro@example.com
‰F²”ü —Ú—ˆŸ,usami_ruria@example.com
¼–ì ä»¹,nishino_risa@example.com
d“c ç‰Àq,shigeta_chikako@example.com
‰ª•” ‰Ô—Î,okabe_karoku@example.com
ˆäã —E‘¾,inoue_yuuta@example.com
‰ª–{ Œõ—m,okamoto_mitsuhiro@example.com
‚‹´ Ê,takahashi_aya@example.com
ˆË“c ¹‘ã,yorita_masayo@example.com
•½ˆä ‚ß‚®‚İ,hirai_megumi@example.com
ˆä–{ ’·—˜,imoto_nagatoshi@example.com
‚‹´ ‚³‚ä‚è,takahashi_sayuri@example.com
•Ä‘ò G—²,yonezawa_hidetaka@example.com
¼è V‘¾,matsuzaki_arata@example.com
X‰º u,morishita_shun@example.com
Šâ“c ƒTƒ“ƒ^ƒ}ƒŠƒA,iwata_stmaria@example.com
¬–Ø r“ñ,ogi_shunji@example.com
‚’J –¾Œc,takaya_akiyoshi@example.com
RŒ` Œåu,yamagata_satoshi@example.com
‘Š‘ò õX‰Ô,aizawa_suzuka@example.com
•ÄR ˆŸŠó,yoneyama_aki@example.com
‘å’Î ‚Ü‚È‚İ,ootsuki_manami@example.com
Š‹¼ Œ\,kasai_kei@example.com
’†ª Ÿ‹v,nakane_katsuhisa@example.com
£ŒË ‚µ‚Ù‚è,seto_shihori@example.com
ìˆä —m,kawai_you@example.com
‘ŠŒ´ “S—m,aihara_tetsuhiro@example.com
‰–’J ‚Ğ‚ëq,shioya_hiroko@example.com
Ô ””V,kuruma_hiroyuki@example.com
’·‘ò r‰î,nagasawa_shunsuke@example.com
–Î–Ø ‚Í‚é‚©,mogi_haruka@example.com
ã™ ˆê‹P,uesugi_kazuki@example.com
™“‡ —m‰î,kojima_yousuke@example.com
¼Œ´ Œb–]q,nishihara_emiko@example.com
Î“c Ø“E,ishida_natsumi@example.com
•“¡ ˆ¤q,mutou_aiko@example.com
‚¨‚©‚â‚Ü ¹’mŠG,okayama_sachie@example.com
ˆ°‰® –¢˜Ò,ashiya_mirai@example.com
ˆÉè t÷,isaki_haruki@example.com
—L‘º –@q,arimura_noriko@example.com
‹g‰ª —L‹NÆ,yoshioka_yukiya@example.com
‚‹´ ^”¿,takahashi_maho@example.com
–L“c —m,toyota_you@example.com
•½ì Œ«¡,hirakawa_kenji@example.com
aŒû ‚³‚ä‚è,mizoguchi_sayuri@example.com
ó–ì ƒ}ƒTƒJƒY,asano_masakazu@example.com
–òtŠÛ —Ú—ˆŸ,yakushimaru_ruria@example.com
u… r“ñ,shimizu_shunji@example.com
‚Í‚µ‚Ì ãÄ,hashino_shou@example.com
•è ‚j,kurosaki_takashi@example.com
Ÿ“c —LŠC,katsuda_ami@example.com
Ô‰H —E‰î,akabane_yuusuke@example.com
“yˆä ¸™,doi_seiji@example.com
›Œ´ —Y‘¾,sugawara_yuuta@example.com
‹v•Û _‰î,kubo_kousuke@example.com
“›ˆä ‚Ü‚İ,tsutsui_mami@example.com
’Ã“c ‚Ü‚È‚İ,tsuda_manami@example.com
éç lu,shirosaki_hitoshi@example.com
Î’Ë ¹’mŠG,ishiduka_sachie@example.com
ó‘q ‚İ‚ä‚«,asakura_miyuki@example.com
‰ª–{ ƒTƒ“ƒ^ƒ}ƒŠƒA,okamoto_stmaria@example.com
‰œR ‚ê‚¢‚È,okuyama_reina@example.com
‹{˜e –ƒ,miyawaki_mao@example.com
¼“c —D,matsuda_yuu@example.com
“í ‚Ü‚İ,kusunoki_mami@example.com
‘åê ’j,ooba_takashi@example.com
’·—F ‘‹I,nagatomo_saki@example.com
Äç —TŸ˜Y,shibasaki_yuujirou@example.com
’r“à ç,ikeuchi_saki@example.com
ŒE“c —y,kubota_haruka@example.com
Šâ‘º Ø“E,iwamura_natsumi@example.com
ÎR ”ü²,ishiyama_misa@example.com
Ä“c [‘¥,shibata_mitsunori@example.com
–ØŒ´ Gs,kihara_hiroyuki@example.com
£ŒË ”¹m,seto_shunji@example.com
Î’Ë —çq,ishiduka_reiko@example.com
‚–ì —F,takano_tomoka@example.com
‘ê“c „Šî,takita_yoshiki@example.com
‹yì ””V,oikawa_hiroyuki@example.com
ˆÀ“¡ ‚İ‚ ,ando_mia@example.com
’©‘q ‰Øq,asakura_hanako@example.com
‘êì —m‰î,takigawa_yousuke@example.com
•½‰ª ˆ©,hiraoka_akane@example.com
—é–Ø Œåu,suzuki_satoshi@example.com
’ç ”ü‹I,tsutsumi_miki@example.com
÷ˆä —²,sakurai_takashi@example.com
¡“c ƒqƒJƒ‹,imada_hikaru@example.com
’‡“c –L,nakata_yutaka@example.com
‰F²”ü ãÄ‘¾,usami_shouta@example.com
‘Oì ‹Gˆß,maekawa_toshie@example.com
‚‹´ –@q,takahashi_noriko@example.com
Šp’J —LŠC,kadotani_ami@example.com
£ŒË ç,seto_saki@example.com
u‰ê ç,shiga_mamoru@example.com
‹{“c _³,miyata_hiromasa@example.com
Rª ˆŸŠó,yamane_aki@example.com
‘ò“c L”V,sawada_hiroyuki@example.com
“cŒ´ ‚ß‚®‚İ,tahara_megumi@example.com
¬’J ä»,kotani_rio@example.com
ŒÃ‘ò ‹e¶,furusawa_kikuo@example.com
_–ì ‚È‚¬‚³,kamino_nagisa@example.com
“¿“c Œåu,tokuta_satoshi@example.com
oŒû ˆ©,deguchi_akane@example.com
’†—¢ lu,nakazato_hitoshi@example.com
X “N•½,mori_teppei@example.com
–ØŒ´ ‹M”üq,kihara_kimiko@example.com
oŒû ‚Ğ‚ë‚İ,deguchi_hiromi@example.com
ŒK“c ‚ ‚³‚İ,kuwata_asami@example.com
¼ˆä –ƒ—Rq,nishii_mayuko@example.com
‚–ì ƒqƒJƒ‹,takano_hikaru@example.com
“c‘º “µ,tamura_hitomi@example.com
Œã“¡ “Ö,gotou_atsushi@example.com
‘O“‡ ’m¢,maejima_chise@example.com
™‘º MŒá,sugimura_shingo@example.com
•Ÿ–{ —“Şq,fukumoto_rinako@example.com
‹g‰i ˆ¤,yoshinaga_ai@example.com
‰ª “ŞX,oka_nana@example.com
™‘º V‘¾,sugimura_arata@example.com
‘O“c ƒqƒJƒ‹,maeda_hikaru@example.com
•À–Ø ãÄ‘¾,namiki_shouta@example.com
ç“c –¾Œc,sennda_akiyoshi@example.com
Æˆä Œ›j,terui_norihito@example.com
ŠÖ ‰ë•F,seki_masahiko@example.com
“y‰® ˆê÷,tsuchiya_kazuki@example.com
ìã “ŞX,kawakami_nana@example.com
¡“c °b,imada_haruomi@example.com
‰Pˆä ‚³‚ä‚è,usui_sayuri@example.com
¼Œ³ ^ˆê,matsumoto_shinichi@example.com
‹k ”ü˜aq,tachibana_miwako@example.com
—L”n —zq,arima_youko@example.com
‘å’Ø Œbq,ootsubo_keiko@example.com
ŠÖ •q–ç,seki_toshiya@example.com
ŒÃR ‰ë•F,furuyama_masahiko@example.com
¬ŠC ‚Ğ‚ë‚İ,narumi_hiromi@example.com
àV“c –¾,sawada_akira@example.com
•½‘ò ˆêŒb,hirasawa_kadue@example.com
Oˆä Œ\,mitsui_kei@example.com
”~–{ –¢˜Ò,umemoto_mirai@example.com
[“c ‘D,fukada_saori@example.com
Îè —³–ç,ishizaki_tatsuya@example.com
‹T“c ‚İ‚ ,kameda_mia@example.com
²”Œ ‰èˆÈ,saeki_mei@example.com
‰Ô‰ª “Õ,hanaoka_atsushi@example.com
ìˆä ˆŸŠó,kawai_aki@example.com
r–Ø äj,araki_takeshi@example.com
•“à ‚ê‚¢‚È,takeuchi_reina@example.com
“¡‘º L”V,fujimura_hiroyuki@example.com
•Šâ ØX”ü,kuroiwa_nanami@example.com
A‘º —R÷,uemura_yuki@example.com
X‰ª ‚Ü‚İ,morioka_mami@example.com
‘å’Ë ‚ ‚¢,ootsuka_ai@example.com
•Šâ «–ç,kuroiwa_masaya@example.com
•x‰ª Wi,tomioka_kouji@example.com
ˆäo ‚è‚¦,ide_rie@example.com
¼“‡ ”ü‰À,matsushima_mika@example.com
O‹´ ƒmƒuƒqƒR,mihashi_nobuhiko@example.com
ˆé‘º ‚Ü‚È‚İ,isomura_manami@example.com
’·“‡ —²‘¾,nagashima_ryuuta@example.com
’‡‘º L”V,nakamura_hiroyuki@example.com
ˆË“c _³,yorita_hiromasa@example.com
ÂR ‚­‚é‚İ,aoyama_kurumi@example.com
•Ÿ‰ª —Ti,fukuoka_yuuji@example.com
Šâ² —Á,iwasa_ryou@example.com
–î“‡ –@k,yajima_houshi@example.com
‰œ› Œõb,okudera_mitsuomi@example.com
’‡‘º ˆê‘ã,nakamura_kazuyo@example.com
“‡ “Ö,shima_atsushi@example.com
¬› ‚Ğ‚ëq,kodera_hiroko@example.com
a’J –‘¾˜Y,shibuya_mantarou@example.com
Ÿ’n ”ü‰À,katsudi_mika@example.com
”~Œ´ —Ú—ˆŸ,umehara_ruria@example.com
‰Á£ ‚ ‚³‚İ,kase_asami@example.com
X“c ˆ©,morita_akane@example.com
ˆîŠ_ ‚½‚Ü‚«,inagaki_tamaki@example.com
ˆä‘º ‘“•á,imura_sousuke@example.com
•½¼ °b,hiramatsu_haruomi@example.com
‘º‰ª —R÷,muraoka_yuki@example.com
•Ä’J —³–ç,yoneya_tatsuya@example.com
‚”¨ “Ö,takahata_atsushi@example.com
‰œŠÑ ˜Hq,okunuki_michiko@example.com
•x‰i “ß“Ş,tominaga_nana@example.com
¼–ì G—²,matsuno_hidetaka@example.com
¬“c“‡ —Dˆê,odajima_yuuichi@example.com
‰ï“c ^ˆê,aida_shinichi@example.com
‰Í–ì ƒqƒ,kawano_hiro@example.com
–öŒ´ —Eˆê,yanagihara_yuuichi@example.com
’|Œ´ ’m¢,takehara_chise@example.com
£ì “O,segawa_tooru@example.com
•ô —R÷,mine_yuki@example.com
‰¬–ì ƒPƒ“ƒCƒ`,ogino_kenichi@example.com
L“c —L‹NÆ,hirota_yukiya@example.com
‘å•½ ‚Ü‚È‚İ,oohira_manami@example.com
‹Ê“c ç‰Àq,tamada_chikako@example.com
‰–’J ‚³‚â‚©,shiotani_sayaka@example.com
’|“à —Ti,takeuchi_yuuji@example.com
–q–ì ˜Z˜Y,makino_rokurou@example.com
”~’Ã —Á,umedu_ryou@example.com
{“c —æ“ß,suda_rena@example.com
ŠC‰¹› ‘å,kaionji_masaru@example.com
‚‰ª ˆêÆ,takaoka_kazuya@example.com
–x“c Œb”ü,hotta_megumi@example.com
•ì ’¼l,kurokawa_naoto@example.com
–xŒû ^Šó,horiguchi_maki@example.com
—‡ [‘¥,ochiai_mitsunori@example.com
‘ºã ˆŸŠó,murakami_aki@example.com
¬“c ˆ©,narita_akane@example.com
“¡“c —Áq,fujita_ryouko@example.com
–x‰z “O,horikoshi_tohru@example.com
RŒ³ “ì•ü,yamamoto_nao@example.com
O‘î ˆç“ñ,miyake_ikuji@example.com
XŒû ƒPƒ“ƒCƒ`,moriguchi_kenichi@example.com
’r“à ‚ß‚®‚İ,ikeuchi_megumi@example.com
Rã ‰ë•F,yamagami_masahiko@example.com
‘å˜a“c Œb–ƒ,oowada_ema@example.com
‹g–ì ‰ÄŠó,yoshino_natsuki@example.com
Î‘q r‰î,ishikura_shunsuke@example.com
¼’J —Ïq,matsutani_noriko@example.com
“c•Ó ‚«‚İ‚Ü‚ë,tanabe_kimimaro@example.com
ˆ¢•” ‹q,abe_kyouko@example.com
Œ‹é ÷—¢,yuuki_juri@example.com
õ’J r“ñ,someya_shunji@example.com
ŠâŠÔ ^”¿,iwama_maho@example.com
ƒgš ƒTƒ“ƒ^ƒ}ƒŠƒA,toji_stmaria@example.com
â“c ¬•S‡,sakata_sayuri@example.com
¬‹{ —Ïq,komiya_noriko@example.com
—é–Ø –¾“ú,suzuki_meibi@example.com
•Ÿˆä ‚Ü‚İ,fukui_mami@example.com
–Ø‘º ”ü‰Ã,kimura_mika@example.com
–x–k ˆçq,horikita_ikuko@example.com
’‡‘º —²‘¾,nakamura_ryuuta@example.com
‹´’Ü Li,hashidume_kouji@example.com
•û m»,ogata_hiroaki@example.com
‰¬Œ´ ^”¿,hagiwara_maho@example.com
’†Œ´ Œb—œ,nakahara_erika@example.com
“¡“‡ ”¹m,fujishima_shunji@example.com
]Œ´ —Ñ,ehara_risa@example.com
‹{“c “S—m,miyata_tetsuhiro@example.com
Šİ —Dˆê,kishi_yuuichi@example.com
Šâè ä»‰›,iwasaki_rio@example.com
–¾Î ˆ¤,akashi_ai@example.com
‰Ô‰ª ‚Ğ‚©‚è,hanaoka_hikari@example.com
R“à —D,yamanouchi_yuu@example.com
¼’J ‰ë•F,nishiya_masahiko@example.com
‚‘º ˆçq,takamura_ikuko@example.com
×“c ½ˆê,hosoda_seiichi@example.com
Œ´“c ”ü²q,harada_misako@example.com
•½”ö õX‰Ô,hirao_suzuka@example.com
‰i–ì Š°,nagano_hiroshi@example.com
óÀ –¢˜Ò,asanuma_mirai@example.com
‰F–ì –@k,uno_houshi@example.com
óì ˆ»,asakawa_aya@example.com
‹g“c ’©,yoshida_asaka@example.com
­“‡ ”ü˜aq,kashima_miwako@example.com
X“c ‚“¶,morita_shidou@example.com
‰Ô“c –L,hanada_yutaka@example.com
Oˆä Š®¢,mitsui_kanji@example.com
‘“c —²”,masuda_takahiro@example.com
Œ´“c ¹–ë,harada_saya@example.com
ˆÀ•” —Ïq,abe_noriko@example.com
’·‘ò ”ü‹I,nagasawa_miki@example.com
–å˜e Ê,kadowaki_aya@example.com
‹´–{ ’©—z,hashimoto_asahi@example.com
•—ŠÔ •¶¢,kazama_fumiyo@example.com
u‘º Œbq,shimura_keiko@example.com
•—ŠÔ ƒGƒŠƒJ,kazama_erika@example.com
‘å] Kq,ooe_sachiko@example.com
Î• ŒöŒ°,ishiguro_kimiaki@example.com
–“‡ ˆ»,mitsushima_aya@example.com
‘ê ¹‘ã,taki_masayo@example.com
‹{‰º —TŸ˜Y,miyashita_yuujirou@example.com
¡“c —º,imada_ryou@example.com
”öã —L‹NÆ,ogami_yukiya@example.com
–© ‚¿‚¦‚İ,minato_chiemi@example.com
Šâˆä —Ïq,iwai_noriko@example.com
“à–ì ½ˆê,uchino_seiichi@example.com
sŒ´ ‚³‚â‚©,ichihara_sayaka@example.com
‘å‰º –¢˜Ò,ooshita_mirai@example.com
™‘º O–ç,sugimura_hironari@example.com
’·—F ’q‰Ô,nagatomo_tomoka@example.com
ŒK“c —º,kuwata_ryou@example.com
‚“c ’m¢,takada_chise@example.com
”–Ø ƒPƒ“ƒCƒ`,kashiwagi_kenichi@example.com
µ£ Œb”ü,nanase_megumi@example.com
“¡‘º Ñ‹G,fujimura_saki@example.com
–î•” ”Ü—¢,yabe_yuri@example.com
–{‘½ ‘D,honnda_saori@example.com
‰ª‘º ç,okamura_saki@example.com
”Ñ“‡ „Šî,iijima_yoshiki@example.com
—] ä»‰›,yo_rio@example.com
Ÿ’n Æ¶,katsudi_teruo@example.com
‰Y“c –¾Œc,urata_akiyoshi@example.com
R‰ª ‚Ğ‚ëq,yamaoka_hiroko@example.com
–L“‡ •q–ç,toyoshima_toshiya@example.com
™‹Ê ‚¦‚İ,kodama_emi@example.com
—§‰Ô —zq,tachibana_youko@example.com
–ìŒ´ Ñ‹G,nohara_saki@example.com
’†“‡ ”Ü—¢,nakashima_yuri@example.com
‘å‘ê ˆ©,ootaki_akane@example.com
‹gì ^“Ş”ü,yoshikawa_manami@example.com
“s’z ƒTƒ“ƒ^ƒ}ƒŠƒA,tsuduki_stmaria@example.com
‰i–ì ‰E‹,nagano_ukyou@example.com
“à‘º ””V,uchimura_hiroyuki@example.com
¡ˆä —¹,imai_ryou@example.com
”¨’† —D,hatanaka_yuu@example.com
–x —º,hori_ryou@example.com
”’ˆä —R‰F,shirai_yuu@example.com
¬–ì› ƒGƒŠƒJ,onodera_erika@example.com
‰ÍŒ´ ’·—˜,kawahara_nagatoshi@example.com
”~‘ò õ–¾,umezawa_toshiaki@example.com
‘åì ˆ¤Ø,ookawa_aina@example.com
u… i,shimizu_susumu@example.com
›“‡ —Dˆê,terashima_yuuichi@example.com
’¬“c —²‘¾,machida_ryuuta@example.com
•Ä“c ‚©‚¨‚è,yoneda_kaori@example.com
¶£ L”V,namase_hiroyuki@example.com
Šp“c —z‰î,kadota_yousuke@example.com
Oˆä —Ti,mitsui_yuuji@example.com
›àV —³–ç,sugasawa_tatsuya@example.com
‰Á£ —F–ç,kase_tomoya@example.com
[“c —“Şq,fukada_rinako@example.com
Î“c ‹PM,ishida_akinobu@example.com
‰¡“c •q–ç,yokota_toshiya@example.com
”~’Ã —çq,umedu_reiko@example.com
[“c ˆê,fukada_hajime@example.com
‚Æ‚æ‚½ ‚Ğ‚Æ‚İ,toyota_hitomi@example.com
“cè Œbq,tazaki_keiko@example.com
•½R ˆê“¿,hirayama_ittoku@example.com
’‡‘º —Y‘¾,nakamura_yuuta@example.com
’r”¨ Œbq,ikehata_keiko@example.com
A“c ¹‘ã,ueta_masayo@example.com
–î“c Œ\,yada_kei@example.com
¼R “µ,nishiyama_hitomi@example.com
•½‰ª ‹e¶,hiraoka_kikuo@example.com
•½“c •q˜a,hirata_toshikazu@example.com
ÂR ‚³‚â‚©,aoyama_sayaka@example.com
ñ“¡ –¢˜Ò,sudou_mirai@example.com
‘•ª ‚ß‚®‚İ,kokubunn_megumi@example.com
”~‘º ‘¾˜N,umemura_tarou@example.com
’†‘ò T”V‰î,nakazawa_shinnosuke@example.com
R‰ª ‚ ‚âq,yamaoka_ayako@example.com
‘“c ‹M”üq,masuda_kimiko@example.com
L“c –¾G,hirota_akihiro@example.com
•l–ì –ƒ—Rq,hamano_mayuko@example.com
‘åX i,oomori_susumu@example.com
“à‘º —R÷,uchimura_yuki@example.com
á¼ ’m¢,wakamatsu_chise@example.com
ˆä‘ò ‘‘¾,izawa_souta@example.com
Šp r“ñ,sumi_shunji@example.com
”¨ ^ˆê,hatake_shinichi@example.com
ìã Œ¤“ñ,kawakami_kenji@example.com
’Ã“c ‘D,tsuda_saori@example.com
’·—F ‰ë”V,nagatomo_masayuki@example.com
‘åÀ “w,oonuma_tsutomu@example.com
H“c ˆ©,akita_akane@example.com
“‡’Ã ãÄ‘¾,shimadu_shouta@example.com
ãR ˆêÆ,kamiyama_kazuya@example.com
”¨’† Ê‰Ø,hatanaka_ayaka@example.com
‹{”— ½ˆê,miyasako_seiichi@example.com
› ˜Hq,suga_michiko@example.com
ŒÃ‰® —TŸ˜Y,furuya_yuujirou@example.com
‰ï“c _³,aida_hiromasa@example.com
Rª —D,yamane_yuu@example.com
¬–ì“c ‘¾˜N,onoda_tarou@example.com
‘–ì Œb–]q,kusano_emiko@example.com
ì•Ó ‚İ‚ä‚«,kawabe_miyuki@example.com
’r“c Œbq,ikeda_keiko@example.com
ì –@q,kagawa_noriko@example.com
ˆä‘º ˆŸŠó,imura_aki@example.com
ˆä‘ò ‚ ‚¨‚¢,izawa_aoi@example.com
éŒË —zq,kido_youko@example.com
ŒFˆä Ñ‹G,kumai_saki@example.com
ŠOR ‘D,sotoyama_saori@example.com
‹{Œ´ —R‰F,miyahara_yuu@example.com
‹yì Œõ—m,oikawa_mitsuhiro@example.com
‰ï“c Gs,aida_hiroyuki@example.com
“¡ˆä ƒTƒ“ƒ^ƒ}ƒŠƒA,fujii_stmaria@example.com
aŒû ’m¢,mizoguchi_chise@example.com
‘å] —å“Ş,ooe_reina@example.com
^“ç ½¡,manabe_seiji@example.com
ˆÉ“¡ ^”¿,itou_maho@example.com
ŠÖŒû ˜a,sekiguchi_waka@example.com
—W–ì Œõ—Ç,murano_teruyoshi@example.com
“ì Œb–ƒ,minami_ema@example.com
R“à ‚è‚¦,yamanouchi_rie@example.com
‰«“c “O,okita_tohru@example.com
‹yì ‹Î,oikawa_tsutomu@example.com
•iì —D,shinagawa_yuu@example.com
“à“c Œiq,uchida_keiko@example.com
¼“c ¹‘ã,matsuda_masayo@example.com
“¡‘º O–ç,fujimura_hironari@example.com
‘ê–{ Œ‹ˆß,takimoto_yui@example.com
’|Œ´ õŒÜ˜Y,takehara_somegorou@example.com
]“¡ •ÉŠC,etou_ouga@example.com
’Å ^ˆê,kashii_shinichi@example.com
¼“c _‘¾˜Y,nishida_koutarou@example.com
’‡‘º ‚ ‚³‚İ,nakamura_asami@example.com
™–ì u,sugino_shun@example.com
–Ø‘º ‰À”T,kimura_yoshino@example.com
”’Î ƒƒCƒT,shiraishi_meisa@example.com
™‘º ˆê,sugimura_hajime@example.com
Šâ‰i ¬Šå,iwanaga_kogan@example.com
ŒÃ‰® –¢˜Ò,furuya_mirai@example.com
“í–{ ½ˆê,kusumoto_seiichi@example.com
¬•ô ˆê‹P,komine_kazuki@example.com
•½—Ñ [‘¥,hirabayashi_mitsunori@example.com
–ØŒË —º,kido_ryou@example.com
_–Ø ƒGƒŠƒJ,kamiki_erika@example.com
d“c —º,shigeta_ryou@example.com
‚‘º ¹—z,takamura_masaaki@example.com
–x‰z “ì•ü,horikoshi_nao@example.com
¬¼ ‚¾‚ñ‹g,konishi_dankichi@example.com
•Ÿ‰ª ‰Ô—Î,fukuoka_karoku@example.com
“ú‚ Ÿ‹v,hidaka_katsuhisa@example.com
Ÿ“c K•½,katsuda_kouhei@example.com
‘–ì ‰Øq,kusano_hanako@example.com
¼”ö ‚ß‚®‚İ,nishio_megumi@example.com
–Ú• Œ÷•â,meguro_kousuke@example.com
“ú‚ ‘D,hidaka_saori@example.com
‚‹´ ”üK,takahashi_miyuki@example.com
ŒÃR –‘¾˜Y,furuyama_mantarou@example.com
‹àŠÛ Œb—œ,kanamaru_erika@example.com
–îŒû Œbq,yaguchi_keiko@example.com
‘å’| “q,ootake_momoko@example.com
‰ÍŒ´ ”üŒ,kawahara_miduki@example.com
R‘º —Á,yamamura_ryou@example.com
“¿d ã,tokushige_subaru@example.com
Î–ì –ƒ—Rq,ishino_mayuko@example.com
“cK ãÄ‘¾,tajiri_shouta@example.com
’‡‘º ‚İ‚ ,nakamura_mia@example.com
‘q“c “S“ñ,kurata_tetsuji@example.com
›ˆä ^Šó,sugai_maki@example.com
‹àq ‘D,kaneko_saori@example.com
‹v–ì –ƒ,hisano_mao@example.com
“¡è ‰ë”V,fujisaki_masayuki@example.com
‰ªè –¢‰Øq,okazaki_mikako@example.com
–ìã _³,nogami_hiromasa@example.com
ì“c —Ç‰î,kawata_ryousuke@example.com
…ì ”ü—¢,mizukawa_miri@example.com
‹Ê–Ø —L‹NÆ,tamaki_yukiya@example.com
RŒû u,yamaguchi_shun@example.com
•ŸŒ´ ”üK,fukuhara_miyuki@example.com
¡ˆä ãÄ,imai_shou@example.com
”’–Ø —D,shiraki_yuu@example.com
âŒû •ÉŠC,sakaguchi_ouga@example.com
’|’† –@q,takenaka_noriko@example.com
–Ø‘º ”¹m,kimura_shunji@example.com
”©’† —E,hatanaka_yuu1@example.com
‘ŠŒ´ ‰Ä‹ó,aihara_sora@example.com
¼Œ³ Ê,matsumoto_aya@example.com
–k“‡ »‰H,kitajima_sawa@example.com
•“c Œõ”,kurota_mitsuhiro@example.com
¼‰º r“ñ,matsushita_shunji@example.com
…’J –ƒ—Rq,mizutani_mayuko@example.com
R¼ ½ˆê,yamanishi_seiichi@example.com
ŠFì —D,minakawa_yuu@example.com
–ö‘ò ‘‘¾,yanagisawa_souta@example.com
‘å‰Y ^”¿,ooura_maho@example.com
ÎR ƒGƒŠƒJ,ishiyama_erika@example.com
’r–{ ƒWƒ‡[ƒW,ikemoto_george@example.com
ŒÜ\—’ —¢•ä,igarashi_riho@example.com
–î–ì –ƒ—Rq,yano_mayuko@example.com
‚Ù‚µ‚Ì ˆê÷,hoshino_kazuki@example.com
ã‘º ‚Ğ‚ë‚İ,uemura_hiromi@example.com
’Ã“c ƒPƒ“ƒCƒ`,tsuda_kenichi@example.com
‘å‹´ ~q,oohashi_atsuko@example.com
Æˆä ~,terui_atsushi@example.com
‹{“à ¬Šå,miyauchi_kogan@example.com
—L“c ‰À”T,arita_yoshino@example.com
“¡X ‘ñ˜Y,fujimori_takurou@example.com
‰““¡ ”üŠó,enndou_miki@example.com
ˆÉW‰@ ^—Iq,ijuuin_mayuko@example.com
‹àq ¹‘ã,kaneko_masayo@example.com
é“c Œš,shirota_ken@example.com
­‰ê ^”¿,kaga_maho@example.com
ŒF‘ò ‘ñ˜Y,kumasawa_takurou@example.com
¼‰º ‚Ğ‚Æ‚İ,matsushita_hitomi@example.com
ƒgš ˆç“ñ,toji_ikuji@example.com
z–K ˆ©,suwa_akane@example.com
á¼ Š®¢,wakamatsu_kanji@example.com
“ì ƒPƒ“ƒCƒ`,minami_kenichi@example.com
Šİ•” ‚ê‚¢‚È,kishibe_reina@example.com
¡¼ ãÄq,imanishi_shouko@example.com
_•Û ‚»‚ç,jinbo_sora@example.com
‘ºR ‚©‚¨‚è,murayama_kaori@example.com
ùŒ´ “q,sasahara_momoko@example.com
‘å–ì ˆê“¿,oono_ittoku@example.com
‘å‰Y Œ¤“ñ,ooura_kenji@example.com
¬–ì“c ‚È‚¬‚³,onoda_nagisa@example.com
’·•l ”üØ,nagahama_mina@example.com
’ç ^Œá,tsutsumi_shingo@example.com
•Ÿ“c ‹±q,fukuda_kyouko@example.com
“à‘º µ¢,uchimura_nanase@example.com
‘åÀ —zq,oonuma_youko@example.com
‘å“‡ —³–ç,ooshima_tatsuya@example.com
‹g‰i –¾“ú,yoshinaga_meibi@example.com
ì’† _³,kawanaka_hiromasa@example.com
‘òˆä äj,sawai_takeshi@example.com
“n•Ó Œb—œ,watanabe_erika@example.com
•½ —Dˆê,taira_yuuichi@example.com
‰v‰ª –@q,masuoka_noriko@example.com
Îè ˆ»,ishizaki_aya@example.com
”¨ —Ç‰î,hatake_ryousuke@example.com
‘Š“c O˜Y,aida_saburou@example.com
Æˆä ‚½‚©‚¨,terui_takao@example.com
‘º£ ¹‘ã,murase_masayo@example.com
®–ì ‹e¶,konno_kikuo@example.com
O’J —SŠî,mitani_yuuki@example.com
“¡‘ò ‚³‚â‚©,fujisawa_sayaka@example.com
‹k ˜\˜Y,tachibana_rokurou@example.com
‰Í‡ õX‰Ô,kawai_suzuka@example.com
…–ì ‚ ‚«,mizuno_aki@example.com
›‰ª ŒO,teraoka_kaoru@example.com
OŒ´ Œb–ƒ,mihara_ema@example.com
‰Á“¡ ãÄ‘¾,katou_shouta@example.com
’JŒû ¹‘ã,taniguchi_masayo@example.com
’†ì ‹M”üq,nakagawa_kimiko@example.com
_R ‘‘¾,kamiyama_souta@example.com
Â–Ø ^ˆê,aoki_shinichi@example.com
’Å–¼ ’·—˜,shiina_nagatoshi@example.com
–{“c ‚È‚¬‚³,honnda_nagisa@example.com
‰€“c —¹,sonoda_ryou@example.com
—L”n ‚È‚Â‚İ,arima_natsumi@example.com
“‡‘Ü ƒRƒE,shimabukuro_kou@example.com
X–{ ‘‘¾,morimoto_souta@example.com
—§ì —R÷,tachikawa_yuki@example.com
”ª–Ø Œ‹q,yagi_yuuko@example.com
•½‘ò –¾,hirasawa_akira@example.com
‹yì ’j,oikawa_takashi@example.com
‹àR ‚İ‚ä‚«,kanayama_miyuki@example.com
•lè ‚Í‚é‚©,hamasaki_haruka@example.com
ˆäì ‚Í‚é‚©,igawa_haruka@example.com
•Ÿ‰i —L‹NÆ,fukunaga_yukiya@example.com
µ£ —²”V‰î,nanase_ryuunosuke@example.com
[‘ò ˆêŒb,fukazawa_kadue@example.com
–Ñ—˜ ‰À”T,mouri_yoshino@example.com
¼è “Ş‰›,matsuzaki_nao@example.com
“à“¡ —³Ÿ,naitou_ryuuji@example.com
“¡“c ‚­‚é‚İ,fujita_kurumi@example.com
ã–ì ”üç,ueno_misaki@example.com
Oã ”ü‰Ã,mikami_mika@example.com
‹{â t÷,miyasaka_haruki@example.com
Šİ“c —Á,kishida_ryou@example.com
•¿–{ ˆÇ,emoto_ann@example.com
ˆÉ“¡ —Ñ,itou_risa@example.com
é“c D,shirota_shiori@example.com
”ÂŠ_ MŒá,itagaki_shingo@example.com
‰Í–ì —çq,kawano_reiko@example.com
£ì –¾Œc,segawa_akiyoshi@example.com
ì–ì ‚Ğ‚Æ‚İ,kawano_hitomi@example.com
•xR Œiq,tomiyama_keiko@example.com
“c•Ó _‘¾˜Y,tanabe_koutarou@example.com
“cì ç‰Ä,tagawa_chinatsu@example.com
ˆé‘º Œb”ü,isomura_megumi@example.com
£ŒË“à —E‘¾,setouchi_yuuta@example.com
‰ª–{ G,okamoto_hiroshi@example.com
ã–{ —C,sakamoto_tasuku@example.com
Šâ£ —å“Ş,iwase_reina@example.com
ŒF‘ò ‚Ü‚Ğ‚é,kumasawa_mahiru@example.com
™‘º ‹PM,sugimura_akinobu@example.com
´–ì —³–ç,kiyono_tatsuya@example.com
d¼ —¢•ä,shigematsu_riho@example.com
“c‘º —Sˆê,tamura_yuuichi@example.com
’r“c ”üK,ikeda_miyuki@example.com
ìŒ´ _‘¾˜Y,kawahara_koutarou@example.com
ì’† ”ü—¢,kawanaka_miri@example.com
’·•l —Áq,nagahama_ryouko@example.com
•ˆä –L,takei_yutaka@example.com
‚Œ´ ˆ¤—œ,takahara_airi@example.com
‹v•Û“c —D,kubota_yuu@example.com
¼‹ ˆêÆ,matsui_kazuya@example.com
³ŒË ‰ÄŠó,shishido_natsuki@example.com
Ö“¡ —Á,saitou_ryou@example.com
‘O“c ~,maeda_atsushi@example.com
•½ ‚ ‚³‚İ,taira_asami@example.com
Äç ‚Í‚é‚İ,shibasaki_harumi@example.com
––‰i —³–ç,suenaga_tatsuya@example.com
–{ŠÔ ¸™,honma_seiji@example.com
¼‘ò ‚Ğ‚Æ‚İ,nishizawa_hitomi@example.com
¼–ì –L,matsuno_yutaka@example.com
